id,username,password,balance,charitysum,closedfingamount
2,ecane1,JEqZ7pO8xTb,"$43,025.43","$6,974.57",0
3,kszymanowicz2,YemtNZNWx,"$39,728.22","$10,271.78",0
4,lwaggatt3,uWgosGrjb,"$47,097.96","$2,902.04",0
5,clacer4,OcU99nVZb,"$32,569.55","$17,430.45",0
6,ihemphrey5,iGdbzOmqO,"$43,205.87","$6,794.13",0
7,ffairpo6,INhxdH4WB,"$47,291.16","$2,708.84",0
8,cbrevitt7,kCOF36ww,"$42,751.83","$7,248.17",0
9,fmcgrory8,zzQKMNY8,"$36,049.58","$13,950.42",0
11,cmarryatta,ekrz2LXYlw18,"$38,514.30","$11,485.70",0
12,cgeorgievb,wqFuiE0,"$36,968.27","$13,031.73",0
13,tjarrattc,5Lkp6Nf,"$42,667.29","$7,332.71",0
14,bsapsforded,7DVV6cHq,"$32,041.55","$17,958.45",0
15,rfitzgeorgee,jEBJz3zyz,"$31,179.53","$18,820.47",0
16,lringsf,vseWtYCuq,"$40,150.89","$9,849.11",0
17,lmosbyg,NaIay6jGA,"$36,870.28","$13,129.72",0
18,dpomfreyh,cJApLSbp,"$44,359.60","$5,640.40",0
19,fbracknalli,ZpsXqqmC,"$45,432.91","$4,567.09",0
20,mvanoortj,U0yKBf,"$40,113.93","$9,886.07",0
21,pfindenk,LC03I2i,"$45,378.87","$4,621.13",0
22,rkobschl,FWi2bIG,"$41,609.64","$8,390.36",0
23,mkubelkam,zXTey891He,"$44,435.70","$5,564.30",0
24,mboasn,5TP4eJSrG,"$34,836.86","$15,163.14",0
25,npillingero,WuG2y4u,"$38,380.31","$11,619.69",0
26,tedlynp,48Nv5VZsG,"$45,558.80","$4,441.20",0
27,nyurygynq,Mb8jcV,"$37,964.86","$12,035.14",0
28,fdelortr,0BI61t4XV,"$42,968.40","$7,031.60",0
29,dmatiaseks,8kyRR7BMr,"$36,387.15","$13,612.85",0
30,rashbeet,u0Hag8twA,"$43,692.60","$6,307.40",0
31,aducarneu,z2URVMWiv,"$46,608.13","$3,391.87",0
33,berdesw,3I0PRYaCq7,"$33,092.03","$16,907.97",0
34,llorenx,J7oV0wbZ2xu,"$39,343.40","$10,656.60",0
35,hdebretty,ditgQw1,"$35,570.86","$14,429.14",0
36,taronowiczz,tEGXYZLLK,"$47,784.77","$2,215.23",0
37,gmennithorp10,fEQT8oN,"$33,104.87","$16,895.13",0
38,cripping11,NIw3KzCnrE85,"$40,871.73","$9,128.27",0
39,ofreyne12,K08ZlVJr71,"$48,971.53","$1,028.47",0
40,eklimpke13,nJFPIU1,"$38,797.85","$11,202.15",0
41,rfranzini14,2a8bNjISVfrn,"$40,843.14","$9,156.86",0
42,cledstone15,BLsG6FLz94Yb,"$44,164.31","$5,835.69",0
43,pdewsbury16,gGizZq0S,"$38,393.79","$11,606.21",0
45,gmudge18,O7yI0l,"$33,401.42","$16,598.58",0
46,lshegog19,qXs81Iq,"$40,094.77","$9,905.23",0
47,cserjent1a,sKRhydFj6GvJ,"$34,914.11","$15,085.89",0
48,fgarnar1b,9VSlrX,"$36,820.32","$13,179.68",0
49,nshelley1c,Psj6eH4oD,"$39,444.88","$10,555.12",0
50,meastmond1d,RECu13sQ,"$33,618.23","$16,381.77",0
51,edrissell1e,ukHlElxg,"$36,754.51","$13,245.49",0
52,mflello1f,EX4uppf4Z,"$32,047.37","$17,952.63",0
55,elithcow1i,L4vOxXVxcvgx,"$47,136.96","$2,863.04",0
56,acarrivick1j,yGeNu0psc,"$31,118.17","$18,881.83",0
57,ndouch1k,MtkJ1n,"$36,387.07","$13,612.93",0
58,ccondict1l,JKWLoRqiUEhx,"$34,092.43","$15,907.57",0
59,adiamant1m,KR6wDNMfP,"$42,470.27","$7,529.73",0
60,vtommeo1n,g7vH9lY,"$42,298.31","$7,701.69",0
61,bpetow1o,6wXEpjO69Ogc,"$45,972.74","$4,027.26",0
62,arowlands1p,CUqCiji1wb,"$37,407.74","$12,592.26",0
63,gfrenchum1q,R5O3ioFbjM4o,"$34,388.14","$15,611.86",0
64,jhopfner1r,gkBmXkvc6HW,"$37,457.80","$12,542.20",0
65,ebellsham1s,HO7ysazJ,"$36,487.49","$13,512.51",0
66,elanegran1t,c5BacC1eY,"$39,269.54","$10,730.46",0
67,aboyford1u,xHaRFGzyzZx,"$41,185.93","$8,814.07",0
68,etomaszynski1v,CEzSxcY,"$42,457.09","$7,542.91",0
69,groocroft1w,jOlV3ZAna5,"$39,209.39","$10,790.61",0
70,kpolkinhorn1x,hhkEWDBp7p,"$41,858.27","$8,141.73",0
71,apayne1y,mtV6oWCGE,"$45,972.92","$4,027.08",0
73,afurlong20,GneupHL,"$30,455.96","$19,544.04",0
74,sverdon21,ygkoazRk,"$38,334.54","$11,665.46",0
75,igodden22,A1hDIVk,"$34,344.38","$15,655.62",0
76,adalliwatr23,L29vv4cXr3Q5,"$44,367.62","$5,632.38",0
77,cbeardshaw24,l31aDb,"$37,112.05","$12,887.95",0
78,mbrinsford25,LLQBUqqOByX,"$46,773.39","$3,226.61",0
79,echipping26,3duSteS,"$33,120.38","$16,879.62",0
80,oworshall27,SO1NZJ,"$45,744.08","$4,255.92",0
81,jrobson28,4ahzXDKUxyT,"$42,288.83","$7,711.17",0
82,dshropshire29,2IkXJ969Ax,"$39,264.21","$10,735.79",0
83,tcaldera2a,dR4QTI2,"$43,342.55","$6,657.45",0
84,mjados2b,9j1CYVSEMQWp,"$45,996.28","$4,003.72",0
85,tcaldicot2c,zuU1fs4ekA,"$35,614.79","$14,385.21",0
86,lnoller2d,5WZ6ll,"$36,099.69","$13,900.31",0
87,tdymidowski2e,cTmBOrO,"$33,808.36","$16,191.64",0
88,nlissimore2f,nSEDMe,"$40,269.49","$9,730.51",0
89,ptourville2g,KXdkWBS,"$42,535.41","$7,464.59",0
90,kmcmanamon2h,RECyt88Xo,"$45,054.03","$4,945.97",0
91,rmarcussen2i,4tOyFGkoVLGl,"$38,110.03","$11,889.97",0
92,vbeves2j,3vgoWTvT,"$40,893.79","$9,106.21",0
94,edrance2l,5RVPf4Xw,"$42,149.22","$7,850.78",0
95,acorkill2m,x86TvuFkVg,"$41,633.05","$8,366.95",0
96,caddington2n,TjktgdS,"$40,297.30","$9,702.70",0
97,dhidderley2o,dRC4w3Zp,"$38,464.18","$11,535.82",0
98,tmulvany2p,WbaHKPbVtm5,"$39,125.37","$10,874.63",0
99,shampton2q,a50pSqXkKqjq,"$41,631.35","$8,368.65",0
100,bmeriott2r,N1GMe1Iuzc6,"$42,929.09","$7,070.91",0
101,rwoodburne2s,GX2F2j0,"$43,619.75","$6,380.25",0
103,vcaps2u,akjc7pdNOK,"$41,764.52","$8,235.48",0
104,badriani2v,73UxPM6,"$36,105.72","$13,894.28",0
105,prau2w,9p2xM3bdf7b,"$41,408.52","$8,591.48",0
106,drawle2x,q3sHcK4Hi,"$38,850.66","$11,149.34",0
107,elecornu2y,6qCrm6ATP,"$47,764.69","$2,235.31",0
108,yjossel2z,FG9ACc7Ct,"$36,688.40","$13,311.60",0
109,ialman30,kWQ69LNArami,"$34,423.52","$15,576.48",0
110,ftillman31,AOhwq9woP9ut,"$40,428.55","$9,571.45",0
111,pmacsween32,BonWq1,"$41,026.65","$8,973.35",0
112,ecrosse33,khH95BuS,"$39,491.48","$10,508.52",0
113,chalhead34,JmUMSJ,"$41,648.80","$8,351.20",0
114,adoppler35,iRVfVt,"$36,852.62","$13,147.38",0
116,ehug37,FNld4uZy,"$39,811.20","$10,188.80",0
117,asayer38,YB7sr86ad,"$39,639.65","$10,360.35",0
118,pgonnard39,03KrKoBtw4K,"$34,724.19","$15,275.81",0
119,jnolan3a,ONEwTj,"$41,100.73","$8,899.27",0
120,sysson3b,G9yl1guhnZ,"$40,931.37","$9,068.63",0
121,rmorcom3c,F92T1GOa,"$34,454.63","$15,545.37",0
122,chilbourne3d,2SmNCNDwRZZ4,"$46,160.62","$3,839.38",0
123,gbrazener3e,a0fJubBJ,"$45,574.78","$4,425.22",0
124,lmaestrini3f,tO9boOPYU5,"$40,736.26","$9,263.74",0
125,rdulanty3g,pgi5ID4J87pQ,"$32,536.94","$17,463.06",0
126,sbaison3h,lA2ceeN5G1g,"$37,930.42","$12,069.58",0
127,gwrotchford3i,0UTC8grPlP,"$44,940.60","$5,059.40",0
128,mcayet3j,tqwytk,"$39,491.14","$10,508.86",0
129,mnewey3k,5KzRekD,"$47,353.25","$2,646.75",0
130,rboskell3l,vjA1D2AqOAtV,"$42,782.12","$7,217.88",0
131,jogborne3m,X10fMV,"$38,395.45","$11,604.55",0
132,jsulland3n,kMO4WMs,"$45,328.22","$4,671.78",0
133,cnisco3o,PiZRry07X,"$44,547.38","$5,452.62",0
136,gthorsby3r,zpnc8Xp1J8y,"$35,245.39","$14,754.61",0
137,hemerson3s,lE3jGm,"$42,747.41","$7,252.59",0
139,ikeegan3u,JOXcb7UM1,"$44,131.18","$5,868.82",0
140,fgentsch3v,5VTOtWSyP,"$41,692.15","$8,307.85",0
141,jkilcullen3w,KqoZ0ZTK87bV,"$37,051.01","$12,948.99",0
142,jdare3x,5ucGoN6N,"$42,917.93","$7,082.07",0
143,hmacsporran3y,hvyWgHBIi,"$40,200.52","$9,799.48",0
144,bquickfall3z,3Ijoa8NzY7n,"$42,327.30","$7,672.70",0
145,jborrill40,HY8rUFXhJq,"$37,277.37","$12,722.63",0
146,acaro41,iPqkJLy,"$40,664.74","$9,335.26",0
147,fmilvarnie42,fr3vmI,"$31,390.17","$18,609.83",0
148,mdarker43,uyRrZqlu,"$46,134.73","$3,865.27",0
149,afahy44,NEUwpwcTNi,"$46,138.10","$3,861.90",0
150,eleband45,ZDr9XoRDxqvx,"$38,800.89","$11,199.11",0
151,glehrmann46,ZKenAEO42n,"$32,840.21","$17,159.79",0
152,ncrockatt47,mQHKaxdCjzk,"$33,575.18","$16,424.82",0
153,rgroarty48,JbR9j50,"$42,577.74","$7,422.26",0
154,jdilley49,O2GBepc0,"$36,564.03","$13,435.97",0
155,tswindall4a,AItY7oR,"$35,581.92","$14,418.08",0
156,jraecroft4b,eb6BQuB7ybJR,"$44,599.44","$5,400.56",0
157,chaddacks4c,Ybxi7S,"$35,797.64","$14,202.36",0
159,aferney4e,7kcMlQa1zY,"$37,238.59","$12,761.41",0
160,emussen4f,5hULOkAW,"$34,698.57","$15,301.43",0
161,tsyvret4g,mj03Kei,"$38,404.65","$11,595.35",0
162,blovekin4h,Rc6NIaVkj,"$39,067.92","$10,932.08",0
163,rkulas4i,c0jNCmQ,"$41,051.04","$8,948.96",0
164,ibayle4j,5AigciSRk,"$38,739.36","$11,260.64",0
165,passiratti4k,OaT22r,"$37,925.61","$12,074.39",0
166,mmaciaszczyk4l,eMuFv9RXpD11,"$42,822.38","$7,177.62",0
167,thandscomb4m,D0mDQTN,"$46,099.33","$3,900.67",0
168,clawley4n,r8TLcwTIG,"$41,433.85","$8,566.15",0
169,idowden4o,euCBekUlyoG8,"$41,797.84","$8,202.16",0
170,skerrane4p,cr7Y31H,"$42,119.30","$7,880.70",0
171,mdottrell4q,iQxC9g84Ap,"$38,297.53","$11,702.47",0
172,gjentges4r,TEhSb9Z,"$31,732.07","$18,267.93",0
173,lcaller4s,VvdU353Kx,"$35,293.39","$14,706.61",0
174,ppickle4t,qsB1b3z6,"$36,118.02","$13,881.98",0
175,jleadbetter4u,y6kim7hlTC,"$44,454.83","$5,545.17",0
176,pchamley4v,TRvpYN5NXboq,"$36,496.12","$13,503.88",0
177,jfellgatt4w,uQTr7Bl5,"$44,255.86","$5,744.14",0
178,rcarrett4x,SCXQA5g13F,"$36,476.50","$13,523.50",0
179,sstreat4y,HAP3TE1,"$33,458.18","$16,541.82",0
180,tteffrey4z,RWvHrx0J,"$41,547.97","$8,452.03",0
182,murling51,BHy9cfob0,"$41,667.41","$8,332.59",0
183,cduffield52,8iAcIoZ,"$40,948.49","$9,051.51",0
184,nclipson53,HdMAwq9Np4,"$34,355.43","$15,644.57",0
185,bdurkin54,EHMg0VT,"$42,697.29","$7,302.71",0
186,gmarkel55,rMxQJjH,"$36,429.74","$13,570.26",0
187,rpirelli56,lgGkIZ,"$45,823.38","$4,176.62",0
188,smuddicliffe57,vLe4Ah,"$38,067.76","$11,932.24",0
189,csolland58,nRZsfMOEAX,"$42,508.93","$7,491.07",0
190,cchristou59,CF1YLaN,"$35,334.06","$14,665.94",0
191,sellett5a,9Kle973FCr,"$44,003.90","$5,996.10",0
192,ydedomenico5b,xgpSHd,"$44,734.77","$5,265.23",0
193,dmacneely5c,bXJQaF,"$34,738.99","$15,261.01",0
194,ahaskur5d,rhlDwm3M,"$39,960.62","$10,039.38",0
195,cchattelaine5e,6G83eW,"$40,248.99","$9,751.01",0
196,bbeavan5f,Iit675f1t,"$38,747.22","$11,252.78",0
197,dsaile5g,yweQpxZe,"$44,874.28","$5,125.72",0
199,epuddefoot5i,Bzk9KG,"$40,500.66","$9,499.34",0
200,gchesterman5j,g4ribK5GN,"$38,561.15","$11,438.85",0
201,rboatman5k,ldmu3vQi3IP,"$41,152.16","$8,847.84",0
202,gbunston5l,HpvaIhtlp4XY,"$38,598.35","$11,401.65",0
203,vforst5m,tbBEB0N2,"$36,567.36","$13,432.64",0
205,lvaneev5o,vB9lNDcnm,"$44,305.57","$5,694.43",0
206,lsynan5p,uEcjWhy3nNbx,"$34,289.14","$15,710.86",0
207,etyhurst5q,vp5U0huKxiXT,"$40,553.40","$9,446.60",0
208,dstidworthy5r,025er4Ns,"$37,317.98","$12,682.02",0
209,nsoffe5s,TP1wR5rZY,"$46,477.35","$3,522.65",0
211,jlindback5u,aqU1IGa,"$47,903.15","$2,096.85",0
212,ntedorenko5v,3SivGc,"$48,349.63","$1,650.37",0
213,iglavias5w,Hlevv4qrv,"$31,742.51","$18,257.49",0
214,scamlin5x,zd1XLcl9CV9,"$40,167.39","$9,832.61",0
215,meddowis5y,Cxf2eVWSHScL,"$36,062.65","$13,937.35",0
216,jbaglan5z,2FOaFY,"$32,853.77","$17,146.23",0
217,ccordaroy60,741ScAeYi,"$42,663.29","$7,336.71",0
218,bwildman61,K07pJ9LC5A,"$46,094.14","$3,905.86",0
219,gsharpe62,TMbc4E4AE,"$41,763.56","$8,236.44",0
220,cdilon63,LOc6SeAxBpS,"$41,413.33","$8,586.67",0
221,latwool64,ZffJgL6,"$48,097.14","$1,902.86",0
222,eabbots65,q5OysWq,"$37,068.65","$12,931.35",0
223,dtuckie66,NK5uRyAfAHaK,"$34,462.28","$15,537.72",0
224,psiviter67,7De7kBDmETu7,"$44,738.75","$5,261.25",0
225,wbiddell68,k5wY9NMT9q,"$46,627.81","$3,372.19",0
226,dsaul69,IPTTESdWSs,"$41,440.76","$8,559.24",0
227,mdalziell6a,C9O7Tzt,"$43,201.42","$6,798.58",0
228,dlamberton6b,v5PadHpfz,"$37,281.04","$12,718.96",0
229,etrigwell6c,Yt2GjN5Xhz,"$35,704.74","$14,295.26",0
230,abrumpton6d,6u6qwo,"$37,798.46","$12,201.54",0
232,jworg6f,zHhM1m,"$37,799.94","$12,200.06",0
233,tthomann6g,1LPkMKR,"$44,298.16","$5,701.84",0
234,zmoehle6h,J2Tw5QN,"$37,638.69","$12,361.31",0
235,hswindells6i,qeF1qia5s,"$44,533.14","$5,466.86",0
236,cizachik6j,POKb2y,"$46,620.42","$3,379.58",0
237,bbailes6k,Dk7yCaNgw,"$38,210.52","$11,789.48",0
238,jtirone6l,tiQMGy7B,"$43,673.40","$6,326.60",0
239,glapley6m,hrWGIMMP,"$38,270.30","$11,729.70",0
240,heastway6n,QmC9zsI2zpqf,"$43,305.70","$6,694.30",0
241,rsidebotham6o,e9wt20m0,"$43,187.03","$6,812.97",0
242,mtomasz6p,fn6dU7x0,"$41,691.92","$8,308.08",0
243,rstannus6q,RLn8a6YDMgc1,"$40,079.48","$9,920.52",0
244,rbaldazzi6r,rb7acnizsw,"$45,037.10","$4,962.90",0
245,bberni6s,3SrvI66jS16V,"$48,459.28","$1,540.72",0
246,mballchin6t,Tco4kYPw,"$37,042.04","$12,957.96",0
247,ghurren6u,34Zhhiqp8WNI,"$42,688.71","$7,311.29",0
248,cfardon6v,vdVPiXvYw4K,"$36,111.16","$13,888.84",0
249,cpoulter6w,EwhugGfG44,"$39,243.84","$10,756.16",0
250,mhaddrill6x,LoZ19QpR5J,"$42,406.54","$7,593.46",0
251,ebengle6y,SNzOv2,"$37,203.83","$12,796.17",0
253,speppett70,yoMc8O,"$33,781.86","$16,218.14",0
254,dbotwright71,PWwj7TkV,"$41,712.47","$8,287.53",0
255,prebanks72,jMUOjS2Im,"$36,190.34","$13,809.66",0
256,cgladdish73,alcZpHZm,"$45,207.60","$4,792.40",0
257,rfitzgeorge74,Agap9mmD,"$39,552.29","$10,447.71",0
258,jbrisard75,CbhZFjKbLz,"$35,436.22","$14,563.78",0
259,gdezamora76,dKhNfji7EMm,"$36,892.77","$13,107.23",0
260,cmessam77,E1EKwuMz4u,"$38,502.32","$11,497.68",0
261,csibbson78,szJAPhqROsH,"$39,736.15","$10,263.85",0
262,nchristofor79,MzHBVFCJwy,"$44,744.35","$5,255.65",0
263,mburrows7a,0GvXN5g93,"$41,008.04","$8,991.96",0
264,dcummine7b,4oE8Se,"$45,992.54","$4,007.46",0
265,gtunaclift7c,lYjD6GRq,"$40,237.18","$9,762.82",0
266,tperrin7d,PCwnGwnMhYfB,"$43,289.29","$6,710.71",0
267,bpapez7e,leRG47Sk,"$46,230.00","$3,770.00",0
268,gderill7f,tDDlWoF5U,"$46,695.06","$3,304.94",0
269,raviss7g,pmeUArvOroH,"$40,081.66","$9,918.34",0
270,yparkins7h,85gBtH,"$36,186.37","$13,813.63",0
271,gwandrach7i,MzC1Rcb,"$36,280.67","$13,719.33",0
272,mquinnette7j,u0Z3TlN9,"$44,496.42","$5,503.58",0
274,vweavers7l,qQcnLGBESG9l,"$41,175.77","$8,824.23",0
275,mhoulworth7m,aPfJvYbyj,"$44,965.10","$5,034.90",0
276,cbevens7n,jWOe4cOxJ,"$41,325.88","$8,674.12",0
278,iboycott7p,01HDfeubkZ,"$37,088.64","$12,911.36",0
280,lstansby7r,kQCDmT41Kdcv,"$36,797.57","$13,202.43",0
281,wphilippet7s,kndzcY0yH5K8,"$47,509.92","$2,490.08",0
282,bandrosik7t,8oj0gkl,"$40,008.47","$9,991.53",0
283,ahempshall7u,SSUFKAju81,"$33,432.33","$16,567.67",0
284,dbosnell7v,iH1bivI1uQDc,"$40,564.72","$9,435.28",0
285,aswanbourne7w,2GfZze,"$37,236.51","$12,763.49",0
286,iiskowicz7x,5sfJwYIdN,"$45,577.82","$4,422.18",0
287,rkimbell7y,iptb1lUK,"$47,495.04","$2,504.96",0
288,bturner7z,rKUlh3TxCr,"$37,043.40","$12,956.60",0
289,adealmeida80,m0mnWbxg3g,"$41,406.31","$8,593.69",0
290,dwhatley81,4AXibbLum,"$35,292.07","$14,707.93",0
291,jingliss82,bQgbPhN3K,"$41,844.90","$8,155.10",0
292,agroven83,gSlwkNeR7PIF,"$36,964.21","$13,035.79",0
293,kmcdougall84,tZB0hDQ,"$31,617.74","$18,382.26",0
294,jpryke85,mOrCvLEBiPT,"$40,376.78","$9,623.22",0
295,lmorphey86,llGNywIQDN,"$41,511.17","$8,488.83",0
296,tludlamme87,lxWyRb1e9,"$42,369.06","$7,630.94",0
297,lpetrowsky88,BSkLlQfVxy5,"$34,726.93","$15,273.07",0
298,ctarborn89,ClBAPI,"$43,911.21","$6,088.79",0
299,pchazette8a,H3OjYXNcd9,"$38,323.89","$11,676.11",0
300,dbew8b,ll86E3KKDQ,"$41,885.94","$8,114.06",0
301,lkiendl8c,0NRNEDvP,"$38,460.94","$11,539.06",0
302,gpodbury8d,dRhtsLK8XL,"$38,870.99","$11,129.01",0
303,bcorradetti8e,YGqyWFY26ITa,"$38,252.69","$11,747.31",0
305,smulchrone8g,7pcizGQVAE,"$36,853.12","$13,146.88",0
306,lhoff8h,XrZXNLZFUQ,"$43,110.77","$6,889.23",0
307,bospellissey8i,KXRa153bENm,"$33,105.49","$16,894.51",0
308,tbroxap8j,GgLcbk0HlBS,"$38,155.05","$11,844.95",0
309,cwaterhous8k,W1IhVX,"$34,951.01","$15,048.99",0
310,bsimonich8l,dN5uv9yU1k,"$36,072.29","$13,927.71",0
312,mburchill8n,ytygWxFkz7F,"$41,354.59","$8,645.41",0
313,egodehardsf8o,JPCUnNi6qmZ,"$45,929.01","$4,070.99",0
314,narlow8p,XWxQ1xiC,"$47,648.35","$2,351.65",0
315,fmcgeffen8q,nDgxFvuOp2,"$38,520.13","$11,479.87",0
316,mruggiero8r,9JDbfd1h,"$36,324.51","$13,675.49",0
317,abaudet8s,YoLyRP9J0t,"$38,985.36","$11,014.64",0
318,ygermain8t,WxibUNQ4PxBL,"$36,257.21","$13,742.79",0
319,smapletoft8u,86bk78b,"$46,303.97","$3,696.03",0
320,tmckeney8v,32d6uQQM,"$39,892.39","$10,107.61",0
321,nmitskevich8w,SYGWvm,"$34,415.04","$15,584.96",0
322,kbignal8x,DPrEAfI1TYK,"$42,487.07","$7,512.93",0
323,lannis8y,wVVfRePx,"$37,416.56","$12,583.44",0
324,glindsell8z,UdsWPK,"$39,115.69","$10,884.31",0
325,elemmanbie90,u5fjCP1yTUN,"$46,214.01","$3,785.99",0
326,mlafontaine91,5YAb9aROZ,"$36,337.68","$13,662.32",0
327,mpluthero92,f9J5C1rULdcn,"$42,087.77","$7,912.23",0
328,ewigg93,SrEcLz2Ghq,"$44,326.79","$5,673.21",0
329,mrimour94,dn2O323,"$37,795.21","$12,204.79",0
330,lwillshear95,KyZZRKoZ9,"$36,465.96","$13,534.04",0
331,cmatias96,kok0p3LhyYaR,"$47,480.88","$2,519.12",0
333,mstenner98,ZRDiaC3ZUMLH,"$43,198.59","$6,801.41",0
334,floudwell99,aDIGqL,"$42,451.28","$7,548.72",0
335,dcaw9a,rF6cqJm,"$41,802.91","$8,197.09",0
336,kleverich9b,2mGYDe,"$46,090.45","$3,909.55",0
337,gweerdenburg9c,x9p0paJ0gEYA,"$42,389.10","$7,610.90",0
338,cmiddell9d,LsOMxf2Q,"$39,366.72","$10,633.28",0
339,hcaller9e,0zbanQ0f,"$42,492.94","$7,507.06",0
340,jbrudenell9f,3SDFR2yr4zoU,"$37,957.43","$12,042.57",0
342,zsay9h,WE4VwNAFfebT,"$46,431.39","$3,568.61",0
344,jhaggith9j,nabaMU6j8,"$38,826.03","$11,173.97",0
345,sskirving9k,6JFF5HsgG3e,"$44,505.74","$5,494.26",0
346,rlayton9l,nGhpokuSoE9,"$30,520.82","$19,479.18",0
347,detheredge9m,ZKNY5zIHu,"$45,418.81","$4,581.19",0
348,dnorthin9n,r5pwbZR0Yi,"$44,402.52","$5,597.48",0
349,cwellstood9o,gffNd0sd,"$47,748.49","$2,251.51",0
350,scarson9p,prMpirfQEImL,"$39,590.07","$10,409.93",0
351,grobertz9q,1gfN9XDoWd,"$37,373.93","$12,626.07",0
352,nwitz9r,qaAUbWk,"$39,870.60","$10,129.40",0
353,istonham9s,t34nxH,"$39,896.47","$10,103.53",0
354,krappaport9t,WJmyA4,"$35,593.99","$14,406.01",0
356,mfarady9v,AV5CHw,"$37,695.00","$12,305.00",0
357,dfidian9w,Y0vO5yFpJK3Z,"$40,701.54","$9,298.46",0
360,tlarkings9z,zM5nWU2JF9,"$32,313.18","$17,686.82",0
361,kcurnowa0,MClY0pJf3n,"$33,491.01","$16,508.99",0
362,rfrankea1,xTgUcU7t5Da,"$41,093.75","$8,906.25",0
363,hramarda2,zmha8K8Bl,"$43,360.67","$6,639.33",0
364,bfancea3,LlE3BvV2lM,"$48,128.52","$1,871.48",0
365,mcaunta4,pvEY9B6CE2T,"$40,265.02","$9,734.98",0
366,hnorgatea5,xWE1t897,"$34,595.96","$15,404.04",0
367,mbreckona6,QMuzRekzZFc,"$44,185.19","$5,814.81",0
368,jplowmana7,TUbCLL9,"$45,179.92","$4,820.08",0
369,estearnsa8,1KozhojH2,"$43,846.75","$6,153.25",0
370,hbittena9,LbbLeRlm,"$45,126.21","$4,873.79",0
371,rchoppingaa,0HCg0bVx4,"$36,280.41","$13,719.59",0
372,cbickellab,GqxeVRj,"$36,187.98","$13,812.02",0
373,hstroobantac,U13zZzBn9o5,"$38,741.83","$11,258.17",0
374,alindnerad,DsBZ3c,"$40,658.70","$9,341.30",0
375,htyttertonae,N1M5GgX3G,"$33,861.12","$16,138.88",0
376,peudallaf,ea7hgH7,"$37,107.55","$12,892.45",0
377,lstoteag,fOYqEqlIdP,"$40,917.83","$9,082.17",0
378,lhumphrysah,eg85Uc2oq7,"$42,456.49","$7,543.51",0
379,hpiffordai,PledrRqH1njI,"$40,990.83","$9,009.17",0
380,gverdeyaj,2a6sdc4mxGVQ,"$44,459.64","$5,540.36",0
381,lrosellak,E1rTcB,"$36,882.59","$13,117.41",0
382,rwyseal,YehapFjkHWc,"$39,223.69","$10,776.31",0
383,lbrabanam,USGGhnz,"$31,430.33","$18,569.67",0
384,acowlingan,VfzyM6wGnX,"$38,323.01","$11,676.99",0
385,drichardetao,gaZOEL8QIJ,"$39,827.83","$10,172.17",0
386,pmoonap,I7R03hD,"$41,235.63","$8,764.37",0
387,nsetteraq,WQBvdGQsaJS,"$42,568.45","$7,431.55",0
388,cmacphailar,t9hFhYfXVR,"$37,669.50","$12,330.50",0
389,ademullettas,J9QNkL,"$33,401.73","$16,598.27",0
390,imcilriachat,Vgt0g2,"$40,991.50","$9,008.50",0
391,djostanau,Cw15vXwM,"$40,314.01","$9,685.99",0
392,jsousaav,zIR7wemI,"$40,055.46","$9,944.54",0
393,cgiriardelliaw,cxT4MsfO6N,"$38,694.29","$11,305.71",0
394,edearnlyax,TC2DRY30XJR5,"$37,883.02","$12,116.98",0
395,jhebbleay,rfCAtf,"$47,542.59","$2,457.41",0
396,dhuskaz,J0OA00aUkY,"$43,167.14","$6,832.86",0
397,nchewb0,PcT0v5,"$40,328.96","$9,671.04",0
398,echalfainb1,MTFiCRl,"$40,004.85","$9,995.15",0
399,adreweb2,U10XUoFwm5x,"$43,212.16","$6,787.84",0
400,btattershawb3,n8kVNnl2,"$33,839.01","$16,160.99",0
401,rforrestillb4,GXvNo8,"$30,671.94","$19,328.06",0
402,cbellhouseb5,PMm9OMaMd0,"$40,037.87","$9,962.13",0
403,bfenwickb6,ln31kCaEDk,"$49,152.67",$847.33,0
404,hworswickb7,6SydHu8CIO,"$38,664.55","$11,335.45",0
407,kkasparba,4suC7IUog4uj,"$30,824.89","$19,175.11",0
408,malbertsbb,AaDlc5Qh,"$44,024.36","$5,975.64",0
409,gslymbc,rbgaxjT,"$44,357.76","$5,642.24",0
410,aburrellsbd,VFKMAVWza,"$35,451.55","$14,548.45",0
411,ppeploebe,Lb2vMd,"$31,161.93","$18,838.07",0
412,aescalerabf,pgxblFtojQUw,"$33,687.28","$16,312.72",0
413,rknottonbg,lpsTqgKpLo0,"$45,743.26","$4,256.74",0
414,jkidsleybh,UKynva7yaUJ8,"$41,770.64","$8,229.36",0
415,tbrestonbi,vuxCJObN,"$44,462.36","$5,537.64",0
416,hcoveneybj,OTHVjPfE,"$38,706.49","$11,293.51",0
417,avaheybk,h69lNdH7gPM,"$48,742.79","$1,257.21",0
418,jkiosselbl,oSCNjVQaL6uv,"$37,967.99","$12,032.01",0
419,jleneybm,CA6lUsC3p5,"$35,504.63","$14,495.37",0
420,asauratbn,hA7Qakd,"$45,122.78","$4,877.22",0
421,hnisiusbo,AcDK2D,"$36,379.04","$13,620.96",0
422,jromandbp,ipZ2tAgw,"$32,621.99","$17,378.01",0
424,cdigginsbr,Ds5F3Oq9v,"$31,827.79","$18,172.21",0
425,aeimbs,Jctbxt2Ude,"$35,952.80","$14,047.20",0
426,cbeauvaisbt,PsJJXHqCHqW9,"$38,265.88","$11,734.12",0
427,twadlybu,7S9AwKrkfWc,"$38,597.80","$11,402.20",0
428,pnaultybv,92KZvxceWa,"$49,066.63",$933.37,0
429,ekeywoodbw,cFNzYV,"$35,309.95","$14,690.05",0
430,lbertomeubx,KieUBVz,"$36,974.52","$13,025.48",0
431,vnormanvilleby,wegFcwg,"$42,847.90","$7,152.10",0
432,dtzarbz,HAIvyI2,"$39,268.61","$10,731.39",0
433,memmsc0,dHrmLaD,"$43,562.97","$6,437.03",0
434,rpayleyc1,EZA5w0RD,"$36,050.20","$13,949.80",0
435,dbaggallyc2,N5VWOU,"$35,685.80","$14,314.20",0
436,tselbiec3,rzlPhAtw7c,"$49,243.39",$756.61,0
437,hstannusc4,hts1RGf7,"$36,041.69","$13,958.31",0
438,egaitonec5,kgIvqoOODT9e,"$49,009.30",$990.70,0
439,rtobiasc6,lqgsivhaz,"$38,199.45","$11,800.55",0
440,jllorensc7,OJfeDd,"$44,439.03","$5,560.97",0
441,nagarc8,tWlWvVIxe78P,"$41,855.99","$8,144.01",0
445,shackfordcc,MaYLqKZ,"$42,067.40","$7,932.60",0
446,lredmondcd,JddtxpA,"$43,322.33","$6,677.67",0
447,cpehrssonce,2zcsb6Qwf1ER,"$45,015.52","$4,984.48",0
448,abiagionicf,yN1Ji0mKb5,"$37,443.89","$12,556.11",0
449,dskoylescg,9f9cdVxY0bM,"$36,701.03","$13,298.97",0
450,dcampesch,Aqsdn3m2tTn,"$39,716.19","$10,283.81",0
451,jorgillci,DEz4uv,"$35,736.91","$14,263.09",0
452,lcronkshawcj,35LCH2HaJX,"$37,733.40","$12,266.60",0
455,apauluzzicm,SPUErIEHBTcB,"$49,172.39",$827.61,0
456,jbourleycn,sogODmp3Xw,"$45,438.63","$4,561.37",0
457,bleederco,sykXYu,"$33,944.91","$16,055.09",0
458,cbattincp,drqHBw,"$40,608.58","$9,391.42",0
459,egubbincq,8rTsw9YWMxxm,"$35,766.06","$14,233.94",0
460,gabbiscr,zngt06lZk,"$38,214.35","$11,785.65",0
461,fwindleycs,rgPEpL,"$40,677.28","$9,322.72",0
462,cfatscherct,Gs9t822rkr,"$43,487.15","$6,512.85",0
463,egeckscu,f61umzb7oBxs,"$32,390.68","$17,609.32",0
464,kcanetcv,68crTevqqV,"$41,559.12","$8,440.88",0
465,jseatoncw,wmlZbMikECqY,"$39,991.47","$10,008.53",0
466,edeeprosecx,HqTZc0cYnm9W,"$38,837.88","$11,162.12",0
467,hcoveycy,JAICe6Jq4c1n,"$43,839.40","$6,160.60",0
468,ckepecz,JP6LYc1wrd,"$40,716.18","$9,283.82",0
469,awilksd0,Qes7HlT,"$36,247.51","$13,752.49",0
470,nchristofold1,tQ1egaH,"$44,466.98","$5,533.02",0
471,dfishlockd2,4oPZZ1,"$44,754.91","$5,245.09",0
472,kdowd3,UEois7,"$35,647.80","$14,352.20",0
473,tpaddeleyd4,tXoLBXx,"$39,144.94","$10,855.06",0
474,ddowsingd5,4wM5WsSG,"$39,669.76","$10,330.24",0
475,dslimmingd6,MXeJt4Kdrm2,"$32,430.68","$17,569.32",0
476,akalinked7,GRGDeAA,"$35,730.49","$14,269.51",0
477,cchampkinsd8,AwIcrmxPSQt,"$43,341.09","$6,658.91",0
478,mmacnaughtond9,WbcuAMnR,"$39,087.71","$10,912.29",0
479,bgoodreadda,p1ByCBWgHS,"$34,853.19","$15,146.81",0
480,mgoldbourndb,1eL8Q30LhgEe,"$44,770.61","$5,229.39",0
481,fcurleydc,XwIzkRHl,"$44,466.85","$5,533.15",0
482,gdampierdd,0IJKyQve,"$41,627.90","$8,372.10",0
483,saxstonde,bVDNtiOg3B,"$40,619.26","$9,380.74",0
484,dscurreydf,HQw1PNzSlBFH,"$41,987.15","$8,012.85",0
485,shaughandg,XfpqFYNp,"$39,117.40","$10,882.60",0
486,psotworthdh,nC2qZmD0zZ,"$38,810.60","$11,189.40",0
487,itackledi,uwMMpVFQP,"$38,304.79","$11,695.21",0
488,pborlanddj,uaZTgi3TQz,"$46,563.83","$3,436.17",0
489,tjacobsohndk,k7fFOl1,"$36,415.05","$13,584.95",0
490,adowtrydl,EeMCrdUt3jZ,"$41,689.03","$8,310.97",0
491,mspiveydm,gBeIk8H,"$35,032.92","$14,967.08",0
492,esunnersdn,H3g5VT4tqkm,"$43,064.27","$6,935.73",0
493,scristofolodo,dEomDN5GF,"$33,595.27","$16,404.73",0
494,dellerdp,ikoq3E,"$39,646.85","$10,353.15",0
495,lservantdq,nWLwVTCkG4MT,"$43,903.97","$6,096.03",0
496,kferrydr,lk8zlXToZ,"$40,752.54","$9,247.46",0
497,bwissbyds,vlDp0I,"$41,689.61","$8,310.39",0
498,dgozneydt,7aAYpKyJqn,"$40,852.67","$9,147.33",0
499,bsheltondu,7dFJssx6L,"$35,240.42","$14,759.58",0
500,rharberdv,b2iZ3ds0Uh37,"$44,442.64","$5,557.36",0
501,meastcottdw,fSLxfaegwJi,"$32,432.92","$17,567.08",0
502,nwebburndx,TwVDceZre,"$36,973.21","$13,026.79",0
503,clindldy,pZBxuIDp,"$34,733.97","$15,266.03",0
505,aelwarde0,2vJRXgX,"$43,288.27","$6,711.73",0
506,nedele1,zz6XVX,"$44,062.48","$5,937.52",0
453,senstoneck,TsVf7Wc,"$45,315.92","$4,684.08",0
508,derwine3,3JRIp2Z,"$38,566.91","$11,433.09",0
510,bworshalle5,5cZzZaMQLtP4,"$34,742.97","$15,257.03",0
511,rjollimane6,O633Nhyyd,"$36,517.09","$13,482.91",0
512,mclemette7,xMISkN5,"$40,563.96","$9,436.04",0
513,lkwieteke8,Lo7cl6vZ7E,"$40,302.45","$9,697.55",0
514,sdantone9,rB2BDd52Oq,"$42,031.82","$7,968.18",0
515,bevinsea,mTb73EiD,"$45,880.05","$4,119.95",0
516,ebartolomeazzieb,h6tMUZ,"$42,638.91","$7,361.09",0
517,fdadgeec,KTpYuph,"$37,664.56","$12,335.44",0
518,calthroped,BUPqHs,"$46,394.30","$3,605.70",0
519,coakmanee,BBRCHEV,"$40,194.77","$9,805.23",0
520,jpreddleef,rZhLNsbBU,"$44,393.02","$5,606.98",0
521,beagleneg,IDGD9g,"$38,266.89","$11,733.11",0
522,wyakovliveh,7H5r8Kk8,"$42,464.66","$7,535.34",0
524,fgutej,FSx7V2hCowS,"$33,395.85","$16,604.15",0
525,haleavyek,J6QMjnarPAy,"$37,957.98","$12,042.02",0
528,sbrookeren,WW6vYTE,"$45,535.36","$4,464.64",0
529,gwornumeo,nJvyUnVVk,"$36,013.41","$13,986.59",0
530,ipummellep,tOpXGmx,"$43,707.92","$6,292.08",0
531,kaldricheq,84DcMn4,"$40,456.94","$9,543.06",0
532,gmccooker,7Ax1uv,"$44,111.34","$5,888.66",0
533,vdixceyes,wtyPe9Or,"$44,759.89","$5,240.11",0
534,hlarteret,PvnrzuZ58Gg,"$38,461.38","$11,538.62",0
535,lbroxholmeeu,vILuOS7,"$41,095.42","$8,904.58",0
536,abroschkeev,e58ilF2pP,"$43,307.96","$6,692.04",0
537,fjoderliew,WQDX6YHLrXp,"$33,870.67","$16,129.33",0
538,jthonex,YMMmoUW1L3kF,"$46,865.35","$3,134.65",0
539,etroppmanney,Hu32rimwwB,"$39,537.14","$10,462.86",0
540,ssimonuttiez,Xh2P9bZHk,"$33,987.13","$16,012.87",0
541,dhaggasf0,wDvSJomPI03,"$37,466.42","$12,533.58",0
542,tkellowayf1,KTgUVa,"$36,104.06","$13,895.94",0
543,dveillardf2,wTYizoPzmR3,"$46,743.68","$3,256.32",0
544,bjambrozekf3,mMNxec7ao,"$46,087.71","$3,912.29",0
545,plipprosef4,KhK2WmcpK,"$40,071.20","$9,928.80",0
546,vtighef5,Aszgh686c1pF,"$41,632.99","$8,367.01",0
547,odunsterf6,Hro5NVwYolR,"$43,623.17","$6,376.83",0
548,bcahnf7,3afxLl,"$39,411.30","$10,588.70",0
549,kziemkef8,hVSxySC,"$41,215.70","$8,784.30",0
550,fbehninckf9,8vTVe18tRLf,"$40,026.37","$9,973.63",0
551,shedanfa,Jq0mFU,"$38,626.19","$11,373.81",0
552,tmaddocksfb,THAXP6nFO,"$36,535.83","$13,464.17",0
553,kbruneaufc,vpm7Ii,"$39,452.15","$10,547.85",0
554,zclifffd,XjJrQuospQp,"$44,914.95","$5,085.05",0
555,llillegardfe,xfTAXFbB,"$37,339.02","$12,660.98",0
556,tselfff,fksFJrX,"$46,310.74","$3,689.26",0
557,dpickinfg,PPUfdajlnwAs,"$37,741.90","$12,258.10",0
558,wvaldesfh,avvZYzVq9,"$40,264.77","$9,735.23",0
559,mcahalinfi,drSTjCN0Y,"$42,110.37","$7,889.63",0
560,aronischfj,Ys90RBJl,"$44,688.43","$5,311.57",0
562,coliphantfl,t5RPwfzA2Q,"$41,454.40","$8,545.60",0
565,gyeardsleyfo,U3tTuMIuOu6,"$37,090.36","$12,909.64",0
566,lwilksfp,Vp0f1JPVsA,"$42,231.41","$7,768.59",0
567,bpickoverfq,4vxl62Y0ZkFh,"$35,249.28","$14,750.72",0
568,obraderfr,4NwLPMj,"$46,444.12","$3,555.88",0
569,nmelonbyfs,EpdcTXmXEB,"$38,705.02","$11,294.98",0
570,cradboneft,94blpIpLCOR,"$37,192.97","$12,807.03",0
571,bgoldbergfu,GaIpBDl66o,"$44,265.45","$5,734.55",0
572,lleakfv,i8MpGN,"$42,027.21","$7,972.79",0
573,mlegricefw,VutPjiWS5p,"$43,468.86","$6,531.14",0
574,wvossefx,bPnNE4cTuQK,"$45,041.70","$4,958.30",0
575,ctorresify,cMudNBQWm6kn,"$35,474.91","$14,525.09",0
576,eseysfz,v53HPvcyQUDf,"$43,614.00","$6,386.00",0
577,tspringthorpeg0,PSa6N91T,"$36,034.17","$13,965.83",0
578,cjoscelyng1,ljK0Fsv5L,"$32,956.61","$17,043.39",0
579,kmcgonnellg2,VriDf1IR,"$45,531.70","$4,468.30",0
580,mdietscheg3,2YXKPhzmy4,"$40,243.13","$9,756.87",0
581,uhalligang4,jQ9n9b0Nk5,"$36,525.47","$13,474.53",0
582,rureng5,AlXnfsG04Qb,"$40,699.55","$9,300.45",0
583,cvarndellg6,hXXbRgfuf,"$33,219.29","$16,780.71",0
584,sjanuszg7,HjUxXJver,"$36,372.54","$13,627.46",0
585,sboulterg8,4OcZaGlDPN,"$39,119.27","$10,880.73",0
587,wfulkga,YKBD2VzH4Il,"$45,130.35","$4,869.65",0
588,aruprechtgb,klDMOEcaQ,"$39,332.12","$10,667.88",0
589,hizhakgc,eh5IkF1OB,"$45,441.07","$4,558.93",0
590,hmeconigd,Tqag3iFKww,"$40,700.33","$9,299.67",0
591,wbrownbillge,IGXV7TB5V,"$47,179.08","$2,820.92",0
592,mbeushawgf,eggVcz153la,"$47,670.27","$2,329.73",0
593,asandellsgg,1pvzwq9oQHN,"$32,216.14","$17,783.86",0
594,syitshakgh,J0lGda,"$40,958.94","$9,041.06",0
595,cloveridgegi,C6jyQ6ogHlzE,"$35,185.31","$14,814.69",0
596,ndabnotgj,CVknNM,"$39,445.23","$10,554.77",0
597,hdisleygk,BmjVMNXZOi,"$38,008.57","$11,991.43",0
598,jfrankisgl,2knd5F,"$33,861.34","$16,138.66",0
599,tdinzeygm,iwQ01kQ7h,"$41,844.53","$8,155.47",0
600,esalatinogn,wZHfr0yFFFbl,"$31,645.17","$18,354.83",0
601,heggersgo,70kB4lFiBsY,"$33,385.75","$16,614.25",0
602,soliveiragp,8AxhIw,"$39,540.24","$10,459.76",0
603,abartomieugq,x9BFSM,"$43,915.12","$6,084.88",0
604,fsignorelligr,PVqd35Dki5J,"$43,011.73","$6,988.27",0
605,hprettjohngs,eNoU7P0,"$46,739.73","$3,260.27",0
606,nfeehangt,uygfhjVYj,"$44,881.68","$5,118.32",0
609,dhatchergw,Jfjl3KXF,"$40,547.76","$9,452.24",0
610,kduminigx,LI5cajW0q0,"$36,550.19","$13,449.81",0
611,ulocklessgy,2rx4FGiInrw3,"$43,883.29","$6,116.71",0
612,lmcturleygz,8QXAlNHaei,"$42,377.45","$7,622.55",0
614,rbyrkmyrh1,mMJAGQf2,"$40,257.49","$9,742.51",0
615,pmulhillh2,RNO54FKNm,"$35,921.51","$14,078.49",0
616,bomaileyh3,78G72JFqT,"$47,065.21","$2,934.79",0
617,jcallowh4,jocBDtX,"$46,146.97","$3,853.03",0
618,ejeckellh5,kToWqPhbwMLG,"$38,352.46","$11,647.54",0
619,sissacovh6,5bFpdTiz4t,"$39,543.50","$10,456.50",0
620,tturfush7,hJL7xHdLTj,"$40,395.35","$9,604.65",0
621,kabrianih8,DZbgDuXn0,"$40,431.45","$9,568.55",0
622,vhaglintonh9,PUwZcoLIt867,"$44,411.87","$5,588.13",0
623,aallmondha,baEml53M,"$39,317.66","$10,682.34",0
624,cbenoisthb,T28hCngQ,"$41,101.27","$8,898.73",0
625,mcasinahc,YUMSZc6Ru5,"$35,144.69","$14,855.31",0
626,kbouslerhd,j7zvWq6M1l,"$42,091.26","$7,908.74",0
627,sarnaudihe,QgczjJw,"$44,644.08","$5,355.92",0
628,zavenhf,RguTY5,"$38,968.11","$11,031.89",0
629,msopphg,8G3U6XgO4cG,"$40,194.34","$9,805.66",0
630,mmaidstonehh,QxdXl2izHDYs,"$39,015.61","$10,984.39",0
631,cbillhamhi,Ndbcww,"$39,789.30","$10,210.70",0
632,cpettingallhj,vf0ONQQ4CBt,"$37,317.18","$12,682.82",0
633,glongleyhk,5wPfR9b,"$40,337.02","$9,662.98",0
634,pvanderweedenburghl,GdsgkwST,"$32,550.50","$17,449.50",0
635,dmullalyhm,vRc2pD44T8rv,"$40,004.05","$9,995.95",0
636,oclifforthhn,TkYBdhkxMxH,"$36,760.26","$13,239.74",0
637,wgreenoho,lkX6XN4qJU4,"$38,245.45","$11,754.55",0
638,ehowsanhp,NXkAQTX,"$40,059.23","$9,940.77",0
639,gculleyhq,kwiJUwrl,"$38,990.99","$11,009.01",0
640,acleaveshr,tBt8FanbjYu,"$37,299.23","$12,700.77",0
641,kholbornhs,LwHowjdZ9B,"$37,970.39","$12,029.61",0
642,cpirelliht,dkERsvms,"$36,865.86","$13,134.14",0
643,cflynnhu,2cDlnTZLwe,"$35,350.24","$14,649.76",0
644,aharraginhv,jSU40tm0H,"$38,107.85","$11,892.15",0
645,mcollumhw,wHFzkTdl1FA,"$41,497.49","$8,502.51",0
646,msherwynhx,DISQ6LEII0oW,"$43,419.51","$6,580.49",0
647,rmilanhy,X0Y0VDNTPsW,"$47,094.76","$2,905.24",0
648,ckennifeckhz,fK2In7nuqivm,"$40,996.13","$9,003.87",0
649,stembletti0,TwMknoO,"$40,351.33","$9,648.67",0
651,lhopferi2,LPVPNV,"$40,100.23","$9,899.77",0
652,tstefii3,65TwXvi,"$39,125.25","$10,874.75",0
653,kriddingtoni4,U4AqLiXH8,"$40,313.22","$9,686.78",0
654,bkindoni5,gQ0gnnh,"$41,389.80","$8,610.20",0
655,bgaskarthi6,YdH6OK,"$38,792.01","$11,207.99",0
656,rcaghani7,X7CxdEFqDfn,"$36,619.65","$13,380.35",0
657,cstannahi8,6MlgIiXaELJ,"$42,000.04","$7,999.96",0
658,agreastyi9,WlkMg5,"$37,811.55","$12,188.45",0
659,ksimoesia,zGsd4uFJz,"$39,344.66","$10,655.34",0
660,jissacoffib,agF4YMPllN,"$35,967.76","$14,032.24",0
661,tgallawayic,D7Tu6pzRZz,"$47,456.98","$2,543.02",0
662,smccarlieid,dr9G2pOm343,"$46,109.73","$3,890.27",0
663,jhuikerbyie,XW3FKXQFvW,"$37,880.71","$12,119.29",0
664,llonghurstif,gixh24,"$46,700.29","$3,299.71",0
665,awithringtonig,UlUOsf,"$32,805.24","$17,194.76",0
666,jwarnesih,z0h5zQ,"$39,063.30","$10,936.70",0
668,csizeij,kt5Hfc5Vw4,"$41,380.00","$8,620.00",0
672,imegaineyin,wiAWtpCq,"$39,908.42","$10,091.58",0
673,gscaddonio,5Jnuznz,"$45,867.14","$4,132.86",0
674,astrakerip,PY2lOoMa,"$39,891.52","$10,108.48",0
675,fceschiiq,0zYyJyxKbzN,"$37,238.68","$12,761.32",0
676,rbrabenir,zKjkT59Q,"$41,347.04","$8,652.96",0
677,cmccomiskieis,UMXYxTpZC,"$34,572.45","$15,427.55",0
678,cstoppit,opve7A,"$44,796.33","$5,203.67",0
679,ademaineiu,lKSkuo,"$38,362.93","$11,637.07",0
680,rlasselleiv,mApry0Ju,"$38,397.24","$11,602.76",0
681,mwimpeneyiw,wmaLvnxm7Z,"$39,830.31","$10,169.69",0
682,dnortonix,2YHjGTg41GA,"$49,714.88",$285.12,0
683,lfaltiniy,OlpgZis6UWN,"$31,923.59","$18,076.41",0
684,gingreyiz,7KfFimY,"$39,478.98","$10,521.02",0
685,mormesherj0,gMELyvINM,"$37,675.97","$12,324.03",0
686,eluisj1,qSMbH2grU3gD,"$41,436.46","$8,563.54",0
687,rdecourtj2,KkIADK,"$39,671.31","$10,328.69",0
688,bdrancej3,JRw3yaDzW,"$41,557.20","$8,442.80",0
689,dgaudinj4,Sftv1r7cciX,"$40,445.96","$9,554.04",0
690,pgordonj5,FEq5JNMcr,"$39,684.54","$10,315.46",0
691,mbertolinj6,b0SKNk,"$32,786.62","$17,213.38",0
693,rdurdlej8,Too0QYJgTcd,"$40,568.77","$9,431.23",0
694,dcampbelldunlopj9,tQgzKyK,"$39,723.32","$10,276.68",0
695,jvasquezja,6OsddRJI,"$43,245.12","$6,754.88",0
696,jbackhurstjb,xmRNjx,"$41,520.05","$8,479.95",0
698,msievejd,ZwaoA7zXL,"$43,569.38","$6,430.62",0
699,daudenisje,JSGo45aQT,"$49,253.95",$746.05,0
700,allewellenjf,99ImGWDdcrYB,"$38,752.75","$11,247.25",0
701,gvanrossjg,H6obN17GCU,"$43,436.93","$6,563.07",0
702,wpearmanjh,QeHPqknkDj,"$48,739.19","$1,260.81",0
703,lmacgibbonji,KSh7agClF,"$41,587.76","$8,412.24",0
704,spardonjj,M80DPx,"$33,645.14","$16,354.86",0
705,fmajorjk,1TCe1sUWnA,"$43,735.52","$6,264.48",0
706,tslixbyjl,3ER6H8a5uev,"$40,884.34","$9,115.66",0
707,eeddowisjm,b1TsiQe,"$34,606.56","$15,393.44",0
667,nnapoleonii,CM5ioHnHR4DC,"$47,618.36","$2,381.64",0
709,agierthjo,hdsFdtx,"$47,714.58","$2,285.42",0
710,tnuttingjp,OuQ2VRLKpi,"$39,052.54","$10,947.46",0
711,mwoakesjq,7uEZ74p,"$40,027.89","$9,972.11",0
712,twinsiowieckijr,Ind20K3zdU,"$40,235.94","$9,764.06",0
713,eolyonovjs,Rb1H88i,"$35,213.09","$14,786.91",0
714,sbessonjt,bYDTF3umGqz7,"$37,199.43","$12,800.57",0
715,ispacieju,Eg0mo2bk1,"$35,613.54","$14,386.46",0
716,lburchmorejv,FPfJPFQB0G,"$46,531.32","$3,468.68",0
717,spizziejw,np0Zr0NqQ5V,"$40,366.02","$9,633.98",0
718,dlangtryjx,0QQY5eKN,"$39,063.81","$10,936.19",0
720,dfaughnanjz,LnTNdimnycOW,"$41,452.44","$8,547.56",0
721,dpettik0,xKh1Zyj,"$40,367.88","$9,632.12",0
722,ainklek1,FfuIXg2xg43R,"$39,702.52","$10,297.48",0
723,wsipsonk2,HM0NglR6ql,"$38,839.57","$11,160.43",0
724,rludeek3,GJQMuOL7,"$47,426.45","$2,573.55",0
725,kbernakiewiczk4,xvw1M941x,"$38,074.09","$11,925.91",0
726,wheballk5,VnAYeohhIHJh,"$37,370.03","$12,629.97",0
727,csmeethk6,igoCXgren,"$35,093.80","$14,906.20",0
728,ahoutbyk7,x4JhkTZ,"$38,214.63","$11,785.37",0
729,dputleyk8,PKtXoMT9,"$45,485.19","$4,514.81",0
730,jroblouk9,85ZZsDh2,"$40,324.13","$9,675.87",0
731,svittetka,A1EOTP,"$41,226.12","$8,773.88",0
732,fbottinikb,KoIMklQpZTPV,"$37,991.26","$12,008.74",0
733,slawrensonkc,ZkhWUQuth6WE,"$36,459.54","$13,540.46",0
734,nmcduallkd,7slP3qp5k,"$35,345.28","$14,654.72",0
735,lmactimpanyke,1LmwGZFjOQnH,"$33,886.59","$16,113.41",0
736,cgoodbarkf,Cquv9x80H7Q,"$37,439.83","$12,560.17",0
737,kspratlingkg,Qy2GRMaZh8,"$41,254.94","$8,745.06",0
738,nleckenbykh,VH0HXg,"$37,782.44","$12,217.56",0
739,cslefordki,EdOqgJijEFw,"$44,702.75","$5,297.25",0
740,afernelykj,EgJsy8Bt,"$45,637.52","$4,362.48",0
742,gbeckekl,DeGPdK,"$43,947.54","$6,052.46",0
743,dmandreskm,JFzwEB0,"$37,957.26","$12,042.74",0
744,csalvadorikn,XmAjiKf,"$48,366.99","$1,633.01",0
745,mloudwellko,fai2DK8fHgVj,"$39,172.49","$10,827.51",0
746,jhebblewhitekp,ZSWCI1pQ3v,"$41,244.46","$8,755.54",0
747,fscoynekq,ul8D3MCYk,"$42,338.82","$7,661.18",0
748,mmillomkr,qQsTp7,"$41,093.52","$8,906.48",0
749,mrushmerks,uXXwAzNQ,"$37,434.10","$12,565.90",0
750,lblackburnkt,iSfGZt,"$38,219.61","$11,780.39",0
751,dnenciku,GhzaXoafs,"$47,564.80","$2,435.20",0
752,mdungeykv,KjKBM3Ro,"$44,202.86","$5,797.14",0
753,estubbskw,IHAUddyBx,"$35,383.06","$14,616.94",0
754,jburgherkx,YwgT1Rq4bG,"$32,194.07","$17,805.93",0
755,pdillingstonky,uOXy2M999Q3,"$41,871.31","$8,128.69",0
756,cshakesbykz,X2EPPpfc4h,"$43,537.35","$6,462.65",0
757,astannersl0,y75aArHmBnd,"$35,854.85","$14,145.15",0
758,blambdinl1,rPh4rNO,"$38,732.41","$11,267.59",0
759,rdefrainel2,bXzalHjBRz,"$47,532.15","$2,467.85",0
760,djellisl3,Kux73MTw9NZ7,"$42,575.15","$7,424.85",0
761,cbonnerl4,8jVM27,"$40,574.28","$9,425.72",0
762,bbootherl5,6s6Wfd,"$40,882.44","$9,117.56",0
764,ssalll7,Oueha6,"$39,785.04","$10,214.96",0
765,jsutherbyl8,FvfTWgXBfBy,"$41,845.35","$8,154.65",0
766,sbastonl9,vPIXRQfX,"$40,961.51","$9,038.49",0
767,gkestertonla,Na6ery0P,"$44,856.08","$5,143.92",0
768,mellereylb,q2qdMy,"$39,942.64","$10,057.36",0
769,lcorainilc,ztd1RP,"$32,121.55","$17,878.45",0
770,pmackowleld,XhkpzuG8,"$39,191.50","$10,808.50",0
771,kcarnegyle,bO5xFlEjA,"$41,188.79","$8,811.21",0
772,dpaxfordelf,bqPBOzW1ig,"$38,246.23","$11,753.77",0
773,sparkhouselg,wHlQacJn8,"$33,513.67","$16,486.33",0
774,dpeschkelh,OSYbrSXpYy0,"$45,921.59","$4,078.41",0
775,strevillionli,fRpb3zmAY5pu,"$46,689.40","$3,310.60",0
776,tsheppardlj,A851ujlE3,"$37,953.51","$12,046.49",0
778,lworsamll,LKIkbvYLeb2,"$46,852.98","$3,147.02",0
779,esabinlm,3vLTTSiG,"$43,135.86","$6,864.14",0
780,mbonnesenln,WTsChgZn6Tcb,"$33,283.13","$16,716.87",0
781,fbetjeslo,6DmMlY5qL50,"$38,776.49","$11,223.51",0
782,dlongstreethlp,cP1NV6TW9l,"$43,858.59","$6,141.41",0
783,uflockhartlq,tgDrKo35,"$39,224.54","$10,775.46",0
784,jbodycombelr,KlmgCwp1,"$35,542.25","$14,457.75",0
786,tnicklinlt,ZHgt7P,"$38,190.09","$11,809.91",0
788,adorbinlv,heSwnx6,"$39,893.07","$10,106.93",0
789,csmizlw,EBRPQkIY,"$40,805.19","$9,194.81",0
790,ahollowslx,fHLX6yFx7KTJ,"$39,246.88","$10,753.12",0
791,bpoxtonly,FHAuQS,"$32,936.12","$17,063.88",0
792,wcrampsylz,TUsZM1ML,"$32,786.88","$17,213.12",0
793,rgerholzm0,gYeISMGi,"$44,501.31","$5,498.69",0
794,platheym1,lbLm9C158,"$41,174.77","$8,825.23",0
795,dbeckenhamm2,hhujd2PEW,"$42,789.77","$7,210.23",0
796,tlysaghtm3,8EwHw5,"$38,279.39","$11,720.61",0
797,ctonnesenm4,LDuz0ebP,"$36,116.27","$13,883.73",0
798,ashimonim5,EagXUG,"$48,791.78","$1,208.22",0
799,vgeraschm6,RZrj7vDqG,"$31,028.20","$18,971.80",0
800,ccasseym7,G7F4Te6sKSb,"$37,499.46","$12,500.54",0
801,atomensonm8,WXT0bhX,"$38,175.38","$11,824.62",0
802,hshurmerm9,7uFFX6uWUNl,"$45,200.92","$4,799.08",0
804,bhandscombmb,evTIth,"$42,234.22","$7,765.78",0
805,psneakermc,1mOPWTO,"$37,417.90","$12,582.10",0
806,dmatelaitismd,teyY35Jm,"$36,306.08","$13,693.92",0
807,spaffotme,n2IK44H,"$38,684.56","$11,315.44",0
808,mfaulksmf,jjL3yxaMmLH,"$40,944.81","$9,055.19",0
810,cgristwoodmh,XMKmzrdLLB,"$42,344.24","$7,655.76",0
811,brobkenmi,x0HxVBbt,"$38,992.09","$11,007.91",0
812,lstrafenmj,AjIV9gLAF,"$39,195.09","$10,804.91",0
813,cfrancklynmk,nRKN3rsyo,"$46,716.04","$3,283.96",0
815,fshevelsmm,1quA7sbyzKkt,"$47,271.76","$2,728.24",0
816,mpeertmn,ADiQ5P,"$40,964.63","$9,035.37",0
817,jgitthousemo,ffukyVxSG,"$39,964.46","$10,035.54",0
818,mcollissonmp,FwTYUGCQQOU,"$40,140.51","$9,859.49",0
819,cstebbingsmq,EtAjMybss3E5,"$39,745.77","$10,254.23",0
820,eeldenmr,kty9n9ZG5mp,"$36,624.08","$13,375.92",0
821,dscorahms,EDdiHNh,"$33,438.13","$16,561.87",0
822,ppaulleymt,tK8pnRyNN,"$41,878.91","$8,121.09",0
823,ncreevymu,2W9ZhHpZUFST,"$36,234.19","$13,765.81",0
824,jbrennenmv,wmXsA4TvD,"$39,219.82","$10,780.18",0
825,sjouanotmw,6dcd80HLkiKB,"$39,318.08","$10,681.92",0
826,bpfaffemx,0eZ9JJRnKvxG,"$42,506.40","$7,493.60",0
827,ksnellmanmy,REiSSW46,"$39,380.41","$10,619.59",0
828,gnorridgemz,DlpYfPGsG,"$37,579.20","$12,420.80",0
829,mgoakesn0,OYFEP0,"$43,541.65","$6,458.35",0
830,mgerrann1,0FZfO39ViV,"$41,276.69","$8,723.31",0
831,dminillon2,JsuFFXV,"$39,354.17","$10,645.83",0
832,twrenn3,9VbQ2lgK,"$48,322.51","$1,677.49",0
833,weisenbergn4,pxkNl1AAw5,"$45,535.74","$4,464.26",0
834,avreibergn5,fC63im0,"$44,001.20","$5,998.80",0
835,dhehnken6,ynmXj1N,"$40,179.00","$9,821.00",0
837,dcowhign8,Vk9VOa,"$43,112.85","$6,887.15",0
838,dolenechann9,mWFC14Ncrg8L,"$39,859.08","$10,140.92",0
839,cwarrenerna,gPXvamMV,"$34,976.84","$15,023.16",0
840,jhinrichnb,TYvTU4e,"$34,926.61","$15,073.39",0
841,rforstallnc,znOysOY9ipNY,"$31,774.92","$18,225.08",0
842,jharrildnd,WlGYni,"$41,269.11","$8,730.89",0
843,agaiterne,awalGDylx,"$35,153.48","$14,846.52",0
844,koliveynf,xbJl3MyJs1Yz,"$38,022.50","$11,977.50",0
845,ashirdng,gdxJr2,"$39,658.35","$10,341.65",0
846,jchartresnh,Z1QUJ11,"$47,354.62","$2,645.38",0
847,mdehooghni,JMhabFMbL4S,"$38,754.81","$11,245.19",0
848,abinleynj,yP0od6,"$47,164.82","$2,835.18",0
849,hmcawnk,02HoF8i4FoQ,"$39,473.38","$10,526.62",0
850,mcrennannl,oUCLIkwl1LSp,"$38,267.37","$11,732.63",0
851,jstandbridgenm,JDtivtNdNhC,"$38,380.44","$11,619.56",0
852,jgeorgelnn,9HybJ6p8i44A,"$37,439.06","$12,560.94",0
853,mbrambleyno,OnTTbbIdw,"$37,918.22","$12,081.78",0
858,hharriskinent,ZglqFbNroc,"$43,620.71","$6,379.29",0
859,npatershallnu,gbRDTdhiZLDM,"$32,796.43","$17,203.57",0
860,emcilraithnv,HRyXuabXszwu,"$36,753.25","$13,246.75",0
861,rgoodaynw,Uy4Esh,"$33,034.21","$16,965.79",0
862,azappelnx,mETKt4q5AzA,"$35,184.44","$14,815.56",0
863,rgrevilleny,5kNqHJ8E,"$45,636.05","$4,363.95",0
864,wscarlonnz,WDIiQb,"$45,759.55","$4,240.45",0
865,fsousao0,LK287B,"$38,006.42","$11,993.58",0
866,hbrownseyo1,0gLBrnaIY,"$36,001.93","$13,998.07",0
867,kfibbingso2,60FS78vA,"$40,708.03","$9,291.97",0
868,bbliveno3,X0sNQh3r7Bc,"$44,362.73","$5,637.27",0
869,krillstoneo4,zWy7Mh,"$40,861.86","$9,138.14",0
870,moveyo5,sGodbI,"$38,723.88","$11,276.12",0
871,gdoftyo6,l7g2tLDooHG,"$44,370.86","$5,629.14",0
872,amcpeeterso7,cw2IAHBmLyft,"$37,643.75","$12,356.25",0
873,driveo8,OgfYp7u3O8,"$41,620.27","$8,379.73",0
874,bbowskillo9,2UQh8gy3E,"$42,984.36","$7,015.64",0
875,amalinoa,g8zx27ns,"$44,954.20","$5,045.80",0
876,nfriedlosob,avsrl2j1F,"$47,784.98","$2,215.02",0
877,mdutnelloc,Se4cdON5HeS,"$40,682.70","$9,317.30",0
878,mmclugishod,RdIXfY9,"$38,335.38","$11,664.62",0
879,mbouldonoe,NsCcZHRXw,"$36,040.51","$13,959.49",0
880,malleryof,GbDiXbs,"$40,941.93","$9,058.07",0
881,wczajkaog,uiRxVT,"$40,766.19","$9,233.81",0
882,agaishoh,bbdRNwDvq2j,"$43,065.77","$6,934.23",0
883,mosoriooi,vwCQuzzXsIk,"$37,750.76","$12,249.24",0
884,hcopinoj,MqWGZBKt,"$39,230.07","$10,769.93",0
885,otamlettok,BG1wMO,"$35,260.27","$14,739.73",0
886,pduhamelol,V3kCvuA,"$39,049.58","$10,950.42",0
887,wwordsworthom,mVISG5Sr,"$34,820.13","$15,179.87",0
888,kmaccheyneon,Pcnj2k,"$39,275.73","$10,724.27",0
889,ljakubovitsoo,2zx2Psj,"$48,462.83","$1,537.17",0
890,mgerattop,T4lQbdkXoGzJ,"$37,885.02","$12,114.98",0
891,kbelfrageoq,lDh9CXY9l0vy,"$35,796.25","$14,203.75",0
892,gavrasinor,zHnw2Ox,"$37,560.48","$12,439.52",0
893,jdicksonos,LTaco0,"$32,883.79","$17,116.21",0
894,jgourleyot,srirnWi,"$46,311.68","$3,688.32",0
895,bmishou,plfmT2MEE,"$44,709.99","$5,290.01",0
896,aespadaterov,qi5CJP,"$40,702.34","$9,297.66",0
897,gmargettow,DdsRuUt,"$40,469.04","$9,530.96",0
900,omaccreeoz,TI4Zl5LJNQQ,"$47,254.90","$2,745.10",0
898,vaugustineox,FyPjyLmJs,"$35,198.05","$14,801.95",0
903,mspourep2,qedy08eh,"$37,238.92","$12,761.08",0
905,hmustchinp4,chh8wxIzy,"$42,533.00","$7,467.00",0
906,ccailep5,LnM4oDQGg,"$43,464.46","$6,535.54",0
907,gmaccaigp6,rDRMkxDIcLH,"$39,741.19","$10,258.81",0
908,swakelinp7,bpAKYX,"$36,891.28","$13,108.72",0
909,mmoffattp8,9dUw3ugbh,"$38,037.09","$11,962.91",0
901,ahebbesp0,wFaQYvn,"$33,265.29","$16,734.71",0
904,qgleavep3,AwDQoDIXLYWC,"$34,879.51","$15,120.49",0
1,gduggen0,hbsvo9r,"$27,451.19","$22,548.81",0
10,hclinkard9,t3rYPAPj5X,"$34,784.80","$15,215.20",0
32,gburnhillv,PNrqQhVWldIT,"$38,495.27","$11,504.73",0
72,akilminster1z,zZMJDzSQ87lA,"$43,428.28","$6,571.72",0
93,ojakolevitch2k,MuCIZqLRYBTe,"$31,398.46","$18,601.54",0
102,mmarson2t,amHUD03yNY,"$38,853.95","$11,146.05",0
910,gcancottp9,oNjChnVJuKt,"$48,321.27","$1,678.73",0
911,umenduspa,eTBvhb2,"$34,833.90","$15,166.10",0
912,eleavoldpb,JiMHeOECOoj,"$43,847.67","$6,152.33",0
913,qpremblepc,iV4MPJ,"$44,088.33","$5,911.67",0
914,maccombepd,sziBLjyDM,"$37,000.73","$12,999.27",0
915,cspilstedpe,ft9CkW,"$37,496.88","$12,503.12",0
916,asilkstonepf,nKNrH6xNZuG,"$35,693.19","$14,306.81",0
917,hgarnsworthpg,yGP1xyxklhNu,"$38,084.74","$11,915.26",0
918,mchippph,0GOyfB,"$39,796.89","$10,203.11",0
919,gimpettpi,TnFQ7vsSj,"$44,019.59","$5,980.41",0
920,ttrevorpj,dQjRWWsQ,"$37,696.73","$12,303.27",0
921,mwildborepk,15Krw7YHD,"$41,972.28","$8,027.72",0
922,hhammertonpl,RJiOasUer,"$43,099.81","$6,900.19",0
923,rminettpm,4hkyxke77aSp,"$45,032.16","$4,967.84",0
924,mtorrespn,RrNvR00p,"$43,337.13","$6,662.87",0
925,tmckimmpo,Vo9mOO,"$41,418.37","$8,581.63",0
927,ljimenezpq,xfiKV1QbLbQr,"$43,046.73","$6,953.27",0
928,zblasiakpr,bsYej1ae,"$39,056.01","$10,943.99",0
929,tcromwellps,6mwzPxU,"$34,369.88","$15,630.12",0
930,lcoullpt,JTabheUHhN,"$44,992.14","$5,007.86",0
931,mkleinholzpu,E84xQZxaR6P,"$41,584.09","$8,415.91",0
932,tspearespv,lsEIgZ,"$36,637.34","$13,362.66",0
933,aullettpw,1A4P4ps3oi,"$41,189.79","$8,810.21",0
934,hsivernspx,lydzKw,"$42,884.75","$7,115.25",0
935,bsavatierpy,s6wzYwz94zPh,"$41,081.93","$8,918.07",0
936,byaldrenpz,lrm3tZg5y8CE,"$33,864.73","$16,135.27",0
937,troglieroq0,6YDLMJecFzE,"$41,314.72","$8,685.28",0
938,apresnellq1,zRqKUH,"$37,546.63","$12,453.37",0
939,fpeplerq2,MIcoLDM,"$41,618.66","$8,381.34",0
940,fdormanq3,u9mqUL7,"$35,518.95","$14,481.05",0
942,bfoulgerq5,5Sjdw7gchSX,"$40,958.86","$9,041.14",0
943,ymertgenq6,xDcDpLA91dn,"$45,779.76","$4,220.24",0
944,bfilleryq7,mmN4BMfQyIW,"$37,164.06","$12,835.94",0
945,tclorleyq8,xVMywSUwHmB,"$32,281.54","$17,718.46",0
946,agratrexq9,aNKB2V,"$41,003.70","$8,996.30",0
947,kbeabyqa,muCbfr5RwKT,"$43,568.33","$6,431.67",0
948,llorentzenqb,Og7yYa8y,"$40,731.15","$9,268.85",0
949,fdowthwaiteqc,uAGtjWB5TKD,"$40,561.22","$9,438.78",0
950,ahardageqd,EYwIvB,"$40,846.51","$9,153.49",0
951,mhackingeqe,OUXydCaLq,"$47,354.26","$2,645.74",0
952,mwiggqf,wcvwhB89DqPc,"$35,709.43","$14,290.57",0
953,tsibilleqg,s1viD9nM,"$38,585.64","$11,414.36",0
954,dmulhallqh,SzFJt7McW2Q,"$42,323.34","$7,676.66",0
955,wfeatherqi,ByiH0iKp,"$39,398.05","$10,601.95",0
956,rpetrovqj,MprGoKynn,"$39,267.35","$10,732.65",0
957,kinggallqk,ajSRWfXVGpg,"$41,853.86","$8,146.14",0
958,bfentonql,pEXsV98Nvn8r,"$41,129.08","$8,870.92",0
959,nkaesmakersqm,jdkGxR4HQ,"$47,042.85","$2,957.15",0
960,ksydenhamqn,AwTZkX7NrZC,"$46,853.21","$3,146.79",0
961,dgrinstedqo,O30Xyk,"$39,641.13","$10,358.87",0
962,gandreiniqp,HEwfWx,"$37,137.02","$12,862.98",0
963,msommertonqq,TPugJz7gmDK,"$48,882.51","$1,117.49",0
965,agerkensqs,nv0QyV5wNZ,"$43,420.06","$6,579.94",0
966,swilhelmyqt,u2Axdl1DXCP,"$45,608.52","$4,391.48",0
967,sstandingfordqu,e0kuELk0,"$42,088.50","$7,911.50",0
968,egoldbergqv,HD9yE1M8R,"$39,549.11","$10,450.89",0
969,pbarhamsqw,PsaobC206R,"$45,225.50","$4,774.50",0
970,gdyeqx,9kmrxK3j2M,"$44,308.04","$5,691.96",0
971,bgreenhillqy,FSZK0xARk5nR,"$47,574.44","$2,425.56",0
972,byellowleyqz,I7W4oGdJ,"$49,063.91",$936.09,0
973,bloddenr0,kZn78Xs,"$40,049.93","$9,950.07",0
974,ncochr1,rfdNuUMGO,"$36,078.25","$13,921.75",0
975,gdisleyr2,KX3MZLLtwH,"$36,138.00","$13,862.00",0
976,dmeierr3,7vbXPN5JI,"$38,742.73","$11,257.27",0
977,pfishlockr4,5rPWEmlSgMN5,"$36,226.76","$13,773.24",0
978,zlewinsr5,DYo2aRmUs3f,"$39,503.48","$10,496.52",0
979,ekohrsr6,RdHaF7vzW,"$42,882.19","$7,117.81",0
980,vgrcicr7,pY8PhzpGHa,"$41,522.85","$8,477.15",0
981,dmathieur8,x4D6FRH3qYq,"$38,531.64","$11,468.36",0
982,mbleslir9,3WySo0o,"$41,051.95","$8,948.05",0
983,dmclarnonra,ceDXqd,"$40,594.81","$9,405.19",0
984,barneckerb,jCIO68kmaIG,"$40,008.96","$9,991.04",0
986,kbattrickrd,17AGMAUAeIIz,"$41,176.80","$8,823.20",0
987,rfavellre,Uy9xeM,"$40,545.14","$9,454.86",0
988,awemmrf,gsInWDVjvxMZ,"$40,796.53","$9,203.47",0
989,jgunthorperg,25dabXvaSk,"$47,844.17","$2,155.83",0
990,asouthonrh,BKfxz0Q0JpY,"$35,709.33","$14,290.67",0
991,mderobertori,sXCE5FIuiiO,"$42,648.06","$7,351.94",0
992,mwareingrj,EgeBKJ2UCvX9,"$46,652.49","$3,347.51",0
993,amatticcirk,ey30gfGw2V,"$36,091.01","$13,908.99",0
994,prolfsrl,JLysXc,"$35,566.41","$14,433.59",0
995,bosbaldestonrm,5BCAVvqmEPJ,"$39,231.00","$10,769.00",0
996,cgoodacrern,5TjT2F2,"$43,776.37","$6,223.63",0
997,mconnerryro,YqTnbcBRMhxi,"$36,669.60","$13,330.40",0
998,lbuckamrp,JgN8UVX,"$32,804.97","$17,195.03",0
999,caxworthyrq,KURQihkg,"$43,532.35","$6,467.65",0
1000,htorelrr,pPTHd7Q6y63,"$35,782.72","$14,217.28",0
44,shatt17,MV4nYg,"$41,470.42","$8,529.58",0
115,ablainey36,K9YYMn,"$38,933.23","$11,066.77",0
311,mprinett8m,IbvmUiJsbOwb,"$43,389.73","$6,610.27",0
509,tsimsone4,BxdX1DIFCT,"$36,936.49","$13,063.51",0
332,nfeeny97,ZZSj32PrOo1,"$32,495.96","$17,504.04",0
341,kreiglar9g,J54P2x,"$42,554.65","$7,445.35",0
343,barchambault9i,vWdBjeR,"$47,291.99","$2,708.01",0
670,rjillingsil,pppGuHacPH1,"$36,639.80","$13,360.20",0
355,vianitti9u,4cXkXH,"$38,412.29","$11,587.71",0
523,jsikorskiei,JPUb6ZVH,"$45,862.41","$4,137.59",0
358,sconduit9x,HB4r7uZ,"$38,474.09","$11,525.91",0
899,rwymanoy,FTNSCqmH73,"$39,920.00","$10,080.00",0
526,lkingcoteel,Ta3veRF9,"$33,438.42","$16,561.58",0
671,dwoodingtonim,69zCcLNa,"$44,257.83","$5,742.17",0
527,cvasserem,DNvmCNLpivan,"$31,907.62","$18,092.38",0
561,ciacovinofk,jp5ZcAVsK,"$36,119.63","$13,880.37",0
563,ahavefm,7YgwpL9,"$33,219.06","$16,780.94",0
564,mfordycefn,5dp4CGUKw,"$47,378.38","$2,621.62",0
803,olovejoyma,4CdYkVPXYn3,"$31,866.84","$18,133.16",0
586,tlomaxg9,uDCo1AlgwYE5,"$33,734.12","$16,265.88",0
692,dmcentagartj7,XmjEI4ofMP7,"$41,638.33","$8,361.67",0
697,cbatesjc,D1hAa3bq,"$45,407.98","$4,592.02",0
809,mteligamg,yaUQuDqvtNC0,"$39,818.80","$10,181.20",0
708,athurlbournejn,VuczuhjAv,"$42,944.25","$7,055.75",0
902,amussettip1,yxbMvah8gdgt,"$35,190.78","$14,809.22",0
814,mwhetnellml,i0jjaCJvHQ7j,"$41,295.38","$8,704.62",0
836,ekinneallyn7,l15elpUZeC4N,"$36,001.29","$13,998.71",0
926,obattertonpp,QBhiYfDd,"$38,892.77","$11,107.23",0
854,bhuncotenp,ZqNdkcsK,"$34,560.48","$15,439.52",0
941,acantonq4,fAhFJo,"$36,617.37","$13,382.63",0
964,rleaheyqr,wgKtDTCJuyS,"$36,108.14","$13,891.86",0
985,lcuxsonrc,YpH0LkDqKllY,"$33,921.23","$16,078.77",0
53,nshingles1g,kh3SqT2zmx,"$39,895.69","$10,104.31",0
54,mcollins1h,beu2mdjXQNCu,"$47,603.04","$2,396.96",0
134,hblyden3p,UrcYZ2B,"$40,739.61","$9,260.39",0
135,celgie3q,dZ6FBv7W,"$39,899.83","$10,100.17",0
359,slockitt9y,O12VKIWp,"$39,703.32","$10,296.68",0
138,ggaudon3t,m4WaXsjQxtB,"$44,292.01","$5,707.99",0
855,rcuberleynq,VkKxiaI2hUZ,"$31,095.99","$18,904.01",0
158,pevered4d,WDUrcPyTHSKo,"$44,032.04","$5,967.96",0
405,chadrillb8,RDyjBa0,"$37,106.07","$12,893.93",0
181,spalethorpe50,G8lzOb,"$41,583.12","$8,416.88",0
607,gbroadnickegu,4orp4Esau15,"$40,919.43","$9,080.57",0
198,sdarco5h,Ap5shB6UL,"$39,532.58","$10,467.42",0
406,lboeckeb9,L9RIGTAt,"$35,450.31","$14,549.69",0
204,lkesper5n,RSHo7DT,"$37,840.47","$12,159.53",0
719,mespinheirajy,zpPxzoi,"$38,195.14","$11,804.86",0
210,btoseland5t,LQXH2ErVn2IB,"$42,010.33","$7,989.67",0
423,wlittlemorebq,fDBxJChg3F,"$40,013.38","$9,986.62",0
231,lfarrimond6e,SgTpxRFbu4Ym,"$40,843.20","$9,156.80",0
608,mwindressgv,QaxGeAQYKa2,"$41,886.68","$8,113.32",0
252,sleupold6z,vDl3PvLMbW,"$44,092.86","$5,907.14",0
442,ctollitc9,asUpMN8J,"$45,638.60","$4,361.40",0
273,hhurndall7k,w7YD4kTPUiMY,"$39,366.68","$10,633.32",0
277,afloyde7o,oMW1ebeUxY,"$39,860.91","$10,139.09",0
443,asharplingca,p9P7uH3,"$43,065.26","$6,934.74",0
279,lwestphalen7q,iJCoUTI,"$30,408.39","$19,591.61",0
613,adelleschih0,6w24r08,"$46,387.46","$3,612.54",0
304,hgiacomozzo8f,ulxmqLQmYDrN,"$41,901.27","$8,098.73",0
741,dlowensohnkk,mD6zyA5euCXX,"$35,632.44","$14,367.56",0
444,nyaldencb,uzOhwzl2j56k,"$37,503.94","$12,496.06",0
454,plongeacl,Sb4RO64C,"$38,337.84","$11,662.16",0
650,vpinchbecki1,834ovvwHlfx,"$40,403.71","$9,596.29",0
504,bhailstondz,ELQe3RCcRa,"$43,944.72","$6,055.28",0
507,mmorricee2,F1M0d8,"$38,167.79","$11,832.21",0
669,khebnerik,AAJJ5pxJ3D,"$39,068.48","$10,931.52",0
856,droycroftnr,3ryFWxCuql,"$40,058.72","$9,941.28",0
763,abutterwickl6,bnwTfzVyJn,"$45,824.41","$4,175.59",0
777,athreadgilllk,Ro3vXu1GXOV,"$34,053.00","$15,947.00",0
785,rceeleyls,coyYgoPKP6WB,"$33,549.02","$16,450.98",0
787,dselewaylu,szh7hcQ,"$40,553.15","$9,446.85",0
857,boldalens,5rm50NPcbh,"$48,031.82","$1,968.18",0
